{"cameraMode":{"drawMode":0,"name":"Shaded","section":"Shading Mode"},"sceneLighting":false,"audioPlay":false,"sceneViewState":{"showFog":true,"showMaterialUpdate":true,"showSkybox":true,"showFlares":true,"showImageEffects":true,"showParticleSystems":true},"in2DMode":false,"pivot":{"x":-2.47271728515625,"y":-0.89453125,"z":1.630859375},"rotation":{"x":0.4863344728946686,"y":0.005242574494332075,"z":-0.0029180028941482307,"w":0.8737556338310242},"size":12.9280366897583,"orthographic":true}